kingdom	phylum	ERR164407	ERR164408	ERR164409	ERR315858	ERR315859	ERR315860	ERR315861	ERR315862	ERR315863	ERR318618	ERR318619	ERR318620	ERR318621	ERR598942	ERR598943	ERR598944	ERR598945	ERR598946	ERR598947	ERR598948	ERR598949	ERR598950	ERR598951	ERR598952	ERR598953	ERR598954	ERR598955	ERR598956	ERR598957	ERR598958	ERR598959	ERR598960	ERR598961	ERR598962	ERR598963	ERR598964	ERR598965	ERR598966	ERR598967	ERR598968	ERR598969	ERR598970	ERR598971	ERR598972	ERR598973	ERR598974	ERR598975	ERR598976	ERR598977	ERR598978	ERR598979	ERR598980	ERR598981	ERR598982	ERR598983	ERR598984	ERR598985	ERR598986	ERR598987	ERR598988	ERR598989	ERR598990	ERR598991	ERR598992	ERR598993	ERR598994	ERR598995	ERR598996	ERR598997	ERR598998	ERR598999	ERR599000	ERR599001	ERR599002	ERR599003	ERR599004	ERR599005	ERR599006	ERR599007	ERR599008	ERR599009	ERR599010	ERR599011	ERR599012	ERR599013	ERR599014	ERR599015	ERR599016	ERR599017	ERR599018	ERR599019	ERR599020	ERR599021	ERR599022	ERR599023	ERR599024	ERR599025	ERR599026	ERR599027	ERR599028	ERR599029	ERR599030	ERR599031	ERR599032	ERR599033	ERR599034	ERR599035	ERR599036	ERR599037	ERR599038	ERR599039	ERR599040	ERR599041	ERR599042	ERR599043	ERR599044	ERR599045	ERR599046	ERR599047	ERR599048	ERR599049	ERR599050	ERR599051	ERR599052	ERR599053	ERR599054	ERR599055	ERR599056	ERR599057	ERR599058	ERR599059	ERR599060	ERR599061	ERR599062	ERR599063	ERR599064	ERR599065	ERR599066	ERR599067	ERR599068	ERR599069	ERR599070	ERR599071	ERR599072	ERR599073	ERR599074	ERR599075	ERR599076	ERR599077	ERR599078	ERR599079	ERR599080	ERR599081	ERR599082	ERR599083	ERR599084	ERR599085	ERR599086	ERR599087	ERR599088	ERR599089	ERR599090	ERR599091	ERR599092	ERR599093	ERR599094	ERR599095	ERR599096	ERR599097	ERR599098	ERR599099	ERR599100	ERR599101	ERR599102	ERR599103	ERR599104	ERR599105	ERR599106	ERR599107	ERR599108	ERR599109	ERR599110	ERR599111	ERR599112	ERR599113	ERR599114	ERR599115	ERR599116	ERR599117	ERR599118	ERR599119	ERR599120	ERR599121	ERR599122	ERR599123	ERR599124	ERR599125	ERR599126	ERR599127	ERR599128	ERR599129	ERR599130	ERR599131	ERR599132	ERR599133	ERR599134	ERR599135	ERR599136	ERR599137	ERR599138	ERR599139	ERR599140	ERR599141	ERR599142	ERR599143	ERR599144	ERR599145	ERR599146	ERR599147	ERR599148	ERR599149	ERR599150	ERR599151	ERR599152	ERR599153	ERR599154	ERR599155	ERR599156	ERR599157	ERR599158	ERR599159	ERR599160	ERR599161	ERR599162	ERR599163	ERR599164	ERR599165	ERR599166	ERR599167	ERR599168	ERR599169	ERR599170	ERR599171	ERR599172	ERR599173	ERR599174	ERR599175	ERR599176
Archaea	Crenarchaeota	0	1	0	38	178	189	29	0	1	0	0	0	0	23	1	14425	0	2649	11796	45	77	198	2	0	1037	0	18	0	6	9032	84	16712	6	2	2641	16622	1	0	0	5564	12	23	9938	162	165	57	1365	109	105	0	164	10758	520	239	5281	2	15438	3598	308	2326	0	267	152	0	250	128	1099	399	0	2378	4427	15698	2263	2	3	1379	2989	11	13	5945	3	0	0	38	84	93	1860	0	524	107	0	9394	4159	0	575	0	172	21	0	3	89	0	593	338	4455	2747	3	29	453	294	4	71	7	7	13	11714	0	585	10589	1515	101	0	1361	0	534	0	3704	301	48	83	1	1358	547	3242	0	0	0	15	2223	172	30	223	14505	13944	2	1	0	1913	0	1652	23	31	112	359	4526	2198	3107	14122	1235	42	2254	0	8	11	0	1830	992	4393	3326	0	279	490	3962	7	281	5	0	48	224	0	442	619	6162	16654	24	11	22169	11	2386	0	18	0	52	1	2374	2744	1438	2	1878	7063	274	415	2331	16096	218	83	13	423	85	0	0	42	12	0	0	126	7	307	275	412	2174	208	18	1850	329	2595	3	10673	2299	3	14591	75	2290	1	0	6782	26	15398	867	3	0	662	311	191	498	555	1415	2
Archaea	Euryarchaeota	0	0	0	149	478	455	162	0	29	54	2	26	5	2814	396	2841	2	1599	2976	2899	335	673	1	239	623	1560	1297	0	2144	6889	1099	2842	3040	278	6368	2861	22	0	414	4251	396	772	2595	1979	713	468	1685	6541	1460	1287	1408	3475	318	856	6913	933	2583	5217	419	1094	2039	1869	2258	3393	2053	202	8088	3499	258	1057	850	1759	5498	3183	248	256	760	458	1500	2882	893	128	278	2335	1034	7287	356	843	905	826	214	4227	603	110	7330	1026	2001	1848	788	2044	565	1769	169	4195	829	450	651	758	334	3489	1991	460	399	453	31	1561	159	666	2750	391	1565	71	264	1775	6345	695	408	433	1862	1745	12	264	1277	1040	124	4	1317	1008	587	759	763	399	2676	1450	570	1507	1279	376	2558	5131	823	750	2200	1648	921	1154	599	4521	6304	740	1149	0	1053	2549	466	840	3472	848	7146	375	420	6779	4059	1349	393	17	213	2004	824	531	187	4293	7240	1953	438	1037	4516	1079	967	1781	1039	276	74	3499	4439	274	703	875	368	704	293	4481	536	1656	1725	877	980	5765	741	977	2297	337	415	1578	639	207	2004	2827	382	2572	341	5515	766	378	144	291	182	4567	965	705	1458	4474	1125	983	534	1023	2140	3403	381	458	199	3404	348	148	2043	686	283	4
Archaea	Parvarchaeota	0	0	0	0	0	0	0	0	0	0	0	0	0	0	0	0	0	16	0	0	0	0	0	0	6	0	0	0	0	0	0	6	0	0	0	0	0	0	0	0	0	0	0	0	0	2	0	0	0	0	0	0	3	0	0	0	4	0	30	0	0	0	0	0	0	0	0	0	0	0	1	3	0	0	0	57	1	0	0	0	0	0	0	0	0	1	46	0	0	0	0	22	2	0	0	0	0	0	0	0	0	0	23	0	3	0	0	0	62	0	0	0	0	0	0	1	0	0	0	0	0	0	52	0	0	0	0	0	0	6	0	45	0	179	0	0	0	0	0	0	0	29	1	1	0	0	0	58	0	0	0	0	0	0	4	0	0	4	0	0	0	0	0	0	0	0	0	0	0	0	21	0	0	0	0	0	0	0	0	0	21	0	0	6	0	0	4	1	0	0	0	0	0	0	0	0	0	0	31	0	0	0	0	2	0	0	0	0	0	0	0	0	0	0	0	0	0	0	31	0	0	0	0	57	0	0	0	0	0	0	0	0	0	0	0	0	0	1	37	0	0	0	0	32	0	0	38	0
Bacteria	AC1	0	0	0	0	0	0	0	0	0	0	0	0	0	0	0	0	0	0	0	0	0	0	0	0	0	0	0	0	0	0	0	0	0	0	0	0	0	0	0	0	0	0	0	0	0	0	0	0	0	0	0	0	0	0	0	0	0	0	0	0	0	0	0	0	0	0	0	0	0	0	0	0	0	0	0	0	0	0	0	0	0	1	0	0	0	0	0	0	0	0	0	0	0	0	0	0	0	0	0	0	0	0	0	0	0	0	0	0	0	0	0	0	0	0	0	0	0	0	0	0	0	0	0	0	0	0	0	0	0	0	0	0	0	0	0	0	0	0	0	0	0	0	0	0	0	0	0	0	0	0	0	0	0	0	0	0	0	0	0	0	0	0	0	0	0	0	0	0	0	0	0	0	0	0	0	0	0	0	0	0	0	0	1	0	0	0	0	0	0	0	0	0	0	0	0	0	0	0	0	1	0	0	0	0	0	0	0	0	0	0	0	0	0	0	0	0	0	0	0	0	0	0	0	0	0	0	0	0	0	0	1	0	0	0	0	0	0	0	1	0	0	0	0	0	0	0	0	0
Bacteria	AD3	0	0	0	0	0	0	0	0	0	0	0	0	0	0	0	0	0	1	0	0	1	0	1	0	0	0	1	0	0	1	0	0	0	0	0	0	0	0	0	1	0	0	0	0	0	2	1	0	0	2	0	0	0	0	0	0	0	0	0	0	0	0	3	0	0	0	2	0	0	0	0	0	0	0	0	0	0	3	1	0	0	0	0	2	0	0	0	0	1	0	0	0	0	0	7	0	0	0	0	2	14	0	0	0	0	0	0	0	0	0	0	0	0	0	1	0	0	0	0	0	1	2	0	1	0	1	0	0	0	1	0	0	0	0	0	0	1	0	0	0	0	0	0	0	0	0	0	0	0	1	0	1	0	0	0	0	0	0	1	0	0	0	1	0	0	1	0	0	1	0	0	0	0	1	0	0	1	2	0	0	0	0	0	0	0	0	0	0	0	0	0	0	0	0	1	0	0	0	0	0	0	0	0	0	2	2	0	0	0	0	1	0	0	0	1	0	0	0	0	0	0	3	0	0	0	0	0	0	0	0	0	0	0	0	0	0	0	0	0	0	0	0	0	0	0	3	0	0
Bacteria	Acidobacteria	0	0	0	1	1	1	3	0	3	1	1	4	2	0	1	1248	0	251	888	3	0	3	0	0	108	0	2	0	6	613	2	1189	11	1	6	1003	14	0	0	23	0	0	571	4	2	13	55	0	0	6	2	1089	38	0	24	1	520	59	145	5	2	9	0	1	3	1	4	7	0	102	258	1390	14	3	2	241	126	6	3	529	30	1	1	7	0	2	159	0	5	0	0	387	327	2	10	2	3	1	3	1	12	2	129	9	231	189	21	1	355	5	0	0	0	0	2	904	0	7	722	75	5	11	254	3	4	0	90	3	1	2	4	223	11	745	0	3	5	0	117	1	0	136	1468	1482	4	1	3	187	5	11	2	1	12	1	242	10	329	918	20	2	8	5	1	3	2	5	2	230	75	3	161	5	50	2	3	3	1	4	1	0	170	12	272	1009	1	2	664	7	93	4	1	1	5	4	14	242	141	10	179	157	1	3	175	344	11	3	2	5	3	0	5	0	0	5	3	0	4	10	176	9	208	7	1	168	2	217	0	1019	94	0	1018	9	4	3	1	522	4	1075	321	0	0	3	2	151	2	11	230	1
Bacteria	Actinobacteria	8	18	6	974	2479	2322	987	626	3418	2671	225	2448	251	4570	1536	2769	22	2269	3878	4211	697	1274	225	904	868	3329	2826	0	4105	2147	1910	4887	5327	1151	4845	3509	287	0	2355	3781	846	1040	3184	2027	544	906	865	6749	1619	5114	1538	3729	465	573	2252	2089	3686	5296	848	1543	8864	1923	3514	4127	5118	553	4828	5958	978	994	1663	4209	4175	4766	495	620	1415	2921	6149	3159	29	276	1275	4965	2029	4976	764	1221	532	827	1012	3739	939	575	7041	2690	2013	6518	8	3774	6249	5756	767	5047	1581	863	27	1608	2762	4166	4892	662	1703	1012	1307	2571	946	549	2945	743	2909	4027	699	3563	7090	4167	652	277	4060	5141	91	679	736	3951	446	37	4179	2507	752	659	1672	826	2067	2521	952	6160	5919	785	3553	4595	2027	1687	4161	3582	1592	1565	461	3290	7983	939	1548	24	2597	4339	1268	3877	6647	1585	3799	590	856	5004	3604	2506	294	8	430	3775	592	1697	1245	4578	3695	9836	767	2540	5607	4378	922	6555	2743	784	59	33	4610	654	830	1716	786	1333	250	8575	762	2970	4821	1625	211	6162	2092	5193	3359	792	1491	3458	1337	606	5597	3007	813	3703	484	6528	1630	775	738	665	763	3702	955	1184	3547	4912	1547	9682	2063	1609	400	4074	2305	1803	798	5399	246	1268	1537	526	627	10
Bacteria	AncK6	0	0	0	0	0	0	0	0	0	0	0	0	0	0	0	20	0	32	51	0	0	0	0	0	14	0	0	0	0	40	0	19	0	0	0	19	0	0	0	1	0	0	13	0	0	0	12	0	0	0	1	29	6	0	1	0	20	0	23	0	0	2	0	1	1	0	0	0	0	0	16	37	0	0	0	20	4	0	0	92	0	0	0	0	0	0	20	0	0	0	0	32	6	0	2	0	0	0	0	0	0	0	2	0	12	4	0	0	7	0	0	0	0	0	0	33	0	0	18	5	0	0	30	0	0	0	1	0	0	0	0	17	3	10	0	0	0	0	1	0	0	19	21	23	1	0	0	16	0	0	0	1	0	0	18	0	4	28	1	0	0	0	0	0	0	0	0	19	13	0	22	0	2	0	0	0	0	1	0	0	1	0	100	16	0	0	128	0	1	0	1	0	0	0	0	4	24	0	17	1	0	0	13	15	0	0	0	0	0	0	0	0	0	0	0	0	0	0	23	0	6	0	0	23	0	4	0	8	0	0	42	0	0	0	0	11	0	54	11	0	0	0	0	2	0	0	19	0
Bacteria	Aquificae	0	0	0	0	0	0	0	0	0	0	0	0	0	0	0	0	0	0	0	0	0	0	0	0	0	0	0	0	0	0	0	1	0	0	0	0	0	0	0	0	0	0	0	0	0	0	0	0	0	0	0	0	0	0	0	1	0	0	0	0	0	0	0	0	0	0	0	0	0	0	0	0	0	0	0	0	0	0	0	0	0	0	0	0	0	0	0	0	0	0	0	0	0	0	0	0	0	0	0	0	0	0	0	0	0	0	0	0	0	0	0	0	0	0	0	0	0	0	0	0	0	0	0	0	0	0	0	0	0	0	0	0	0	0	0	0	0	0	0	0	0	0	0	0	0	0	0	0	0	0	0	0	0	0	0	0	0	0	0	0	0	0	0	0	0	0	0	0	0	0	0	0	0	0	0	0	0	0	0	0	0	0	0	0	0	0	0	0	0	0	0	0	0	0	0	0	0	0	0	0	0	0	0	0	0	0	0	0	0	0	0	0	0	0	0	0	0	0	0	0	0	0	0	0	0	0	0	0	0	0	0	0	0	0	0	0	0	0	0	0	0	0	0	0	0	0	0	0
Bacteria	Armatimonadetes	0	0	0	0	1	0	0	0	0	0	0	0	0	0	0	1	0	0	0	0	0	0	0	0	0	0	0	0	0	0	0	0	0	0	0	0	0	0	0	0	0	0	0	0	0	0	0	0	0	0	2	0	0	0	0	0	1	2	0	0	0	0	0	0	1	0	0	0	0	0	0	0	0	0	0	0	0	2	0	0	0	0	0	0	0	0	0	0	0	0	0	0	0	0	0	0	0	0	0	0	0	1	0	0	0	1	0	0	0	0	0	0	0	0	0	0	0	0	1	0	0	0	0	1	0	0	0	0	0	0	0	0	0	0	0	0	0	0	0	0	0	0	3	1	0	0	0	0	0	0	0	0	0	0	0	0	1	0	0	0	0	0	0	0	0	0	0	0	0	0	0	0	0	0	0	0	0	0	0	0	1	0	3	0	0	0	0	0	0	0	0	0	0	0	0	0	0	0	0	0	0	0	0	0	0	0	0	0	0	0	0	0	0	0	0	0	0	0	0	0	0	1	0	0	0	0	0	2	0	0	1	0	0	0	0	0	0	0	0	0	0	0	0	0	0	0	0	0
Bacteria	BHI80-139	0	0	0	0	0	0	0	0	0	0	0	0	0	1	0	0	0	0	0	5	0	0	0	0	0	0	0	0	0	0	0	0	1	1	0	0	0	0	0	0	2	0	0	0	0	0	0	0	1	0	0	0	0	0	1	2	0	0	1	0	0	0	0	1	1	0	1	0	0	0	0	0	3	0	0	1	0	0	5	0	0	0	0	1	3	2	0	0	0	0	0	0	0	0	0	0	0	10	0	4	1	7	0	1	0	0	0	2	0	0	0	0	2	0	0	0	1	0	0	0	3	0	0	0	1	1	0	0	5	0	0	0	0	1	0	0	1	2	0	0	1	3	0	0	0	0	4	0	0	5	1	3	2	5	0	1	0	0	2	0	0	0	1	0	0	3	4	0	0	0	2	0	1	1	0	0	1	14	0	0	0	0	0	1	1	4	0	5	0	0	0	0	0	0	0	0	0	0	0	0	0	9	0	0	19	2	0	0	4	0	0	0	0	0	2	0	5	0	4	0	0	0	2	1	0	0	1	1	0	1	1	0	0	1	0	0	0	0	0	1	0	0	0	0	0	0	0	0
Bacteria	BRC1	0	0	0	0	0	0	0	0	0	0	0	2	0	0	0	2	0	0	1	0	0	0	0	0	1	1	0	0	0	4	0	0	0	0	0	1	0	0	0	0	0	0	0	0	0	0	0	0	0	0	0	0	0	0	0	0	1	0	1	0	0	0	0	0	0	0	0	1	0	0	0	3	0	0	0	0	1	0	0	0	0	0	0	0	1	0	1	0	0	0	0	0	0	0	0	0	0	0	0	0	0	0	1	1	1	0	0	1	0	0	0	0	0	0	0	0	0	0	1	0	0	0	0	0	0	0	0	0	2	0	0	0	0	4	0	0	0	0	0	0	0	1	15	9	0	0	0	0	0	0	0	0	0	0	0	0	2	0	0	0	0	0	0	0	0	0	0	0	0	0	1	0	0	0	0	0	0	0	0	0	2	0	1	0	0	0	1	0	1	0	0	0	0	0	0	0	0	0	0	1	0	0	0	0	1	0	1	1	0	0	0	0	0	1	0	0	0	0	0	0	0	0	0	0	0	0	0	5	0	0	3	1	0	0	0	1	0	0	1	0	0	0	1	0	0	0	0	0
Bacteria	Bacteroidetes	34	5	15	2154	1449	1460	2277	3433	10140	5074	553	4780	552	8584	3604	2746	4202	1683	1616	2604	512	2013	741	1409	697	6335	8110	0	5967	3373	879	2590	6304	1384	8438	2963	21137	0	8488	5146	754	1078	4018	1324	1352	839	382	11038	712	11353	1325	2190	359	1467	7345	2431	7717	6191	321	1366	10725	2151	1747	8109	7155	3452	6974	8487	1594	669	1415	1566	10959	3352	1513	299	1812	4391	7551	7609	12676	545	642	4859	338	12439	319	794	1383	902	659	6513	578	841	4408	7869	1318	4032	5353	4119	11857	5690	74	9545	1381	438	8871	2193	289	10572	10762	236	783	814	4537	1332	752	762	2228	942	2177	15036	314	14844	3264	3359	695	722	3259	4796	21294	277	442	379	2199	9244	6797	1865	916	1360	2240	333	1047	9184	1737	3102	2655	319	9076	11639	1598	2207	7235	2491	1439	1474	237	3051	6058	1071	1379	30574	1883	8324	3025	4169	10527	1415	2418	648	308	8588	4592	1671	703	4839	506	3468	1391	2758	84	5000	1701	10143	1334	1951	2954	2042	620	10127	1915	1716	23490	22727	7558	236	1868	3648	347	1421	830	1555	302	2992	4269	1246	659	6848	1757	3418	3566	1129	682	6288	1528	3599	2988	2690	316	1225	244	7066	2167	283	786	247	332	2481	639	793	1390	9143	1332	7369	10471	959	1402	4992	166	2452	3989	8065	795	125	3339	1466	301	7829
Bacteria	CD12	0	0	0	0	0	0	0	0	0	0	0	0	0	0	0	0	0	1	0	0	0	0	0	0	1	0	0	0	0	0	0	0	0	0	0	0	0	0	0	0	0	0	0	0	0	2	0	0	0	0	0	0	0	0	0	0	0	0	3	0	0	0	0	0	0	0	0	0	0	0	0	0	0	0	0	10	0	0	0	0	0	0	0	0	0	0	11	0	0	0	0	0	0	0	0	0	0	0	0	0	0	0	4	0	0	0	0	0	14	0	0	0	0	0	0	0	0	0	0	0	0	0	9	0	0	0	0	0	0	0	0	9	0	39	0	0	0	0	0	0	0	0	0	0	0	0	0	17	0	0	0	0	0	0	0	0	0	0	0	0	0	0	0	0	0	0	0	0	0	0	1	0	0	0	0	0	0	0	0	0	5	0	0	0	0	0	0	0	0	0	0	0	0	0	0	0	0	0	8	0	0	0	0	0	0	0	0	0	0	0	0	0	0	0	0	0	0	0	5	0	0	0	0	17	0	0	0	0	0	0	0	0	0	0	0	0	0	0	7	0	0	0	0	4	0	0	14	0
Bacteria	Caldiserica	0	0	0	0	0	0	0	0	0	0	0	0	0	0	0	0	0	0	0	0	0	0	0	0	0	0	0	0	0	0	0	0	0	0	0	0	0	0	0	0	0	0	2	0	0	0	0	0	0	0	0	0	0	0	0	1	0	0	0	0	0	0	0	0	0	0	0	0	0	0	0	0	0	0	0	0	0	0	0	0	0	0	0	0	0	0	0	0	0	0	0	0	0	0	0	0	0	0	0	0	0	0	0	1	0	0	0	0	0	0	0	0	0	0	0	0	0	0	0	0	0	0	0	0	0	0	0	0	0	0	0	0	0	0	0	0	0	0	0	0	0	0	0	0	0	0	0	0	0	0	0	0	0	0	0	0	0	0	0	0	0	0	0	0	0	0	0	0	0	0	0	0	0	0	0	0	0	0	0	0	0	0	0	0	0	0	0	0	0	0	0	0	0	0	0	0	0	0	0	0	0	0	0	0	0	0	0	0	0	0	0	0	0	0	0	0	0	0	0	0	0	1	0	0	0	0	0	0	0	0	0	0	0	0	0	0	0	0	1	0	0	0	0	0	0	0	0	0
Bacteria	Caldithrix	0	0	0	0	0	0	0	0	0	0	0	0	0	0	0	1	0	0	0	0	0	0	0	0	0	1	0	0	0	1	0	0	1	0	0	0	0	0	0	0	1	0	2	0	0	0	0	0	0	3	1	1	0	0	0	0	0	0	0	0	0	0	0	0	0	0	0	1	0	0	0	0	1	2	0	0	0	1	0	0	0	0	0	0	0	0	0	0	0	0	0	0	0	0	0	1	0	0	0	0	1	0	1	3	0	0	0	0	3	0	0	0	0	0	0	0	0	0	0	0	0	0	0	0	0	0	0	0	0	0	0	3	0	1	0	0	0	0	0	0	0	0	3	0	0	0	0	1	0	0	0	0	0	0	0	0	1	0	1	0	0	0	0	0	0	0	0	1	0	0	1	0	0	0	0	0	0	1	0	0	0	0	3	0	0	0	2	0	0	1	0	0	0	0	0	0	0	0	1	0	1	0	0	2	0	0	0	1	0	0	0	0	0	0	0	0	1	2	1	0	1	0	0	1	0	0	0	1	0	0	0	2	0	0	0	0	2	1	3	0	0	0	2	2	1	0	0	0
Bacteria	Chlamydiae	0	0	0	2	0	0	0	0	24	20	2	15	3	1	0	1	0	4	6	10	0	0	0	0	0	22	2	0	13	1	0	4	2	0	0	6	6	0	28	0	3	0	16	0	0	0	2	3	1	0	1	2	1	0	6	4	2	8	3	4	1	1	0	12	10	1	3	2	0	7	0	4	1	18	2	1	2	0	0	3	0	0	0	2	0	1	2	0	0	1	0	3	2	0	1	25	0	0	2	1	30	4	1	2	1	1	0	4	6	2	2	1	1	4	2	4	0	0	6	1	1	3	1	0	1	0	1	0	5	7	0	3	0	7	1	0	2	2	2	0	3	2	5	2	3	1	5	1	2	2	5	5	4	1	3	2	1	5	4	0	5	0	0	6	2	1	2	3	5	1	1	17	4	0	2	0	0	8	0	0	1	3	6	3	0	1	4	3	3	0	0	2	0	0	0	1	0	3	0	0	0	4	3	2	9	2	1	16	2	1	3	4	1	0	0	3	4	0	7	3	1	0	6	0	0	1	2	11	1	0	9	6	3	2	2	3	2	0	1	0	0	3	1	3	0	0	0	0
Bacteria	Chlorobi	0	0	0	1	0	1	0	0	0	3	0	3	1	8	1	2	0	1	0	1	0	0	0	1	0	4	5	0	1	0	0	2	0	0	0	0	1	0	0	3	0	0	1	0	0	0	2	0	0	1	0	3	0	0	5	1	0	0	1	0	2	0	0	0	0	1	3	4	0	0	0	1	1	0	0	0	1	5	0	8	1	1	0	1	0	0	4	0	1	0	0	0	0	0	0	2	2	1	0	0	33	48	1	33	1	1	1	0	3	48	0	0	1	1	1	1	0	0	2	0	0	3	3	4	1	0	0	0	0	4	0	1	0	2	0	0	2	0	1	1	0	0	3	0	0	1	3	4	0	8	0	0	0	1	0	1	0	0	4	1	0	0	0	3	1	0	2	1	0	0	1	0	3	0	0	0	0	3	0	1	1	0	4	5	0	0	9	1	0	0	1	0	0	0	1	0	2	0	3	0	0	2	0	2	9	0	0	17	4	1	0	1	0	10	1	0	1	0	0	1	0	4	0	4	0	0	1	1	1	0	0	1	0	6	0	0	0	0	3	1	0	1	0	0	0	1	0	0
Bacteria	Chloroflexi	3	2	0	413	435	402	438	45	197	108	8	122	10	274	35	3435	1	772	2770	1690	167	28	39	12	330	1154	136	0	1966	4268	126	3150	1073	23	570	3572	88	0	9	1283	77	229	633	417	83	77	883	95	61	86	428	3750	159	107	1196	228	1332	1072	520	1287	297	460	207	366	1354	6	643	339	9	1170	518	4432	391	852	19	592	655	34	128	2167	1	17	10	298	283	148	838	247	123	224	11	715	862	6	1588	28	421	361	2	42	117	217	492	106	501	539	3	293	1147	108	96	345	60	384	220	2303	14	310	3309	339	125	34	666	123	235	62	62	59	498	300	1	640	1192	2963	2	89	83	109	136	67	325	499	4596	3866	309	39	113	907	300	328	754	317	118	756	491	1240	972	1800	522	222	1323	7	110	1522	4	1681	127	489	6063	27	559	860	2123	47	75	0	46	343	104	29	545	1048	3493	947	30	110	1530	159	1170	75	116	0	1	8	988	896	562	111	871	131	39	1081	485	311	1065	84	71	625	454	61	153	199	46	70	14	9	324	708	511	1924	415	1288	300	819	318	742	37	4430	1168	23	3982	315	1228	166	9	1613	137	3714	1072	41	6	362	45	474	213	85	605	0
Bacteria	Cyanobacteria	7	14	8	1893	3176	3191	1866	212	2694	6845	682	6211	714	9265	3467	96	2746	1008	101	9483	5392	2337	2466	2157	419	28008	18189	0	26159	193	4910	389	17517	1784	17361	88	3309	0	11552	13406	9302	6534	259	9027	1781	2577	1942	14346	2716	11150	3482	152	215	2111	16593	15438	77	6624	630	1361	18267	4971	9325	17493	15672	3601	11495	17869	2650	784	1015	104	13498	17529	3267	15	6163	29189	9494	607	20506	3909	5192	19701	2526	13391	21	4684	12174	2173	6442	5393	94	5539	31471	24213	8825	20962	6279	12789	32092	29939	5	15043	1003	76	14105	7574	14	19389	13719	1999	7788	5152	14558	132	7890	2428	30	3168	13876	13024	31	19481	11836	34834	50	6458	26283	32001	14562	33	3241	28	1827	8544	10165	3626	53	1947	7933	637	27	187	4059	24566	16158	23	15078	18431	10263	7580	13304	25925	1090	1284	7	76	13733	5673	1327	14172	3594	18311	7310	20186	11724	1045	17560	7439	655	15407	15291	11126	6471	2736	3294	45712	2095	4381	8	11690	8201	4962	2544	3663	250	21447	770	17643	3831	4470	13102	27622	17984	448	154	24993	19	87	9076	11571	25	219	6433	7920	4706	18668	2874	31723	40727	2547	3881	29683	5056	3709	27394	6667	596	10628	35	40327	7592	23	3731	17	3744	229	784	5507	2194	25457	1266	20071	9297	113	10009	115	8	2761	3399	22985	9596	6	4644	18978	21	3709
Bacteria	Deferribacteres	0	0	0	0	0	0	0	0	1	0	0	0	0	0	0	0	0	0	0	0	0	0	0	1	0	0	0	0	0	0	0	0	0	0	0	0	0	0	0	1	0	0	0	0	0	0	0	0	0	0	0	0	0	0	0	0	0	0	0	0	0	0	0	0	0	0	0	1	0	0	0	0	0	0	0	0	0	0	0	0	0	0	0	0	0	0	0	0	0	0	0	0	0	0	0	0	0	0	0	0	0	0	0	0	0	0	0	0	0	0	0	0	0	0	0	0	0	0	0	0	0	0	0	0	0	0	0	0	0	0	0	0	0	0	1	0	1	0	0	0	0	0	0	0	0	0	0	0	0	0	0	0	0	0	0	0	0	0	1	0	0	0	0	0	0	0	0	0	0	0	0	0	0	0	0	0	0	0	0	0	0	0	0	0	0	0	0	0	0	1	1	1	0	0	0	0	0	0	0	0	0	0	0	0	0	0	0	0	0	0	0	0	0	0	0	0	0	0	0	0	0	0	0	0	0	0	0	0	0	0	0	1	0	0	0	0	0	0	0	0	0	0	0	0	0	0	0	0
Bacteria	Dictyoglomi	0	0	0	0	0	0	0	0	0	0	0	0	0	0	0	0	0	0	0	0	0	0	0	0	0	0	0	0	0	0	0	0	0	0	0	0	0	0	0	0	0	0	0	0	0	0	0	0	0	0	0	0	0	0	0	0	0	0	0	0	0	0	0	0	0	0	0	0	0	0	0	0	0	0	0	0	0	0	0	0	0	0	0	0	0	0	0	0	0	0	0	0	0	0	0	0	0	0	0	0	0	0	0	0	0	0	0	0	0	0	0	0	0	0	0	0	0	0	0	0	0	0	0	0	0	0	0	0	0	0	0	0	0	0	0	0	0	0	0	0	0	0	1	0	0	0	0	0	0	0	0	0	0	0	0	0	0	0	0	0	0	0	0	0	0	0	0	0	1	0	0	0	0	0	0	0	0	0	0	0	0	0	0	0	0	0	0	0	0	0	0	0	0	0	0	0	0	0	0	0	0	0	0	0	0	0	0	0	0	0	0	0	0	0	0	0	0	0	0	0	0	0	0	0	0	0	0	0	0	0	0	0	0	0	0	0	0	0	0	0	0	0	0	0	0	0	0	0
Bacteria	Elusimicrobia	0	0	0	0	0	0	0	0	0	0	0	0	0	0	1	0	0	0	0	0	0	0	0	0	0	0	0	0	0	0	0	0	0	0	0	0	0	0	0	0	1	0	0	0	0	0	0	0	0	0	0	0	0	0	0	0	0	0	0	0	0	0	0	0	0	0	0	0	0	0	0	0	0	0	0	0	0	0	0	0	0	0	0	1	0	0	0	1	0	0	0	0	0	0	0	0	0	0	0	0	0	0	0	0	0	0	1	0	2	0	0	0	0	0	0	0	0	0	0	0	0	0	0	0	0	0	0	0	0	2	0	0	0	0	0	1	0	0	0	0	0	0	0	0	0	0	0	0	0	1	0	0	0	0	0	0	0	0	0	0	0	0	0	0	0	0	0	0	0	0	0	0	0	0	0	0	0	0	0	0	2	0	0	0	0	0	0	0	0	0	0	0	0	0	0	0	0	0	0	0	0	0	0	0	0	0	0	0	0	0	0	0	0	0	0	0	0	0	0	0	0	0	0	0	0	0	0	0	0	0	1	0	0	0	0	0	0	0	1	0	0	0	0	0	0	0	0	0
Bacteria	FBP	0	0	0	0	0	0	0	0	0	0	0	0	0	0	0	0	0	0	0	0	0	0	0	0	0	0	0	0	0	0	0	0	0	0	0	0	0	0	0	0	0	0	0	0	0	0	0	0	0	0	0	0	0	0	0	0	0	0	0	0	0	0	0	0	0	0	0	0	0	0	0	0	0	0	0	0	0	0	0	0	0	0	0	0	0	0	0	0	0	0	0	0	0	0	0	0	0	0	0	0	0	0	0	0	0	0	0	0	0	0	0	0	0	0	0	0	0	0	0	0	0	0	0	0	0	0	0	0	0	0	0	0	0	0	0	0	0	0	0	0	0	0	0	1	0	0	0	0	0	0	0	0	0	0	0	0	0	0	0	0	0	0	0	0	0	0	0	0	0	0	0	0	0	0	0	0	0	0	0	0	0	0	0	0	0	0	0	0	0	0	0	0	0	0	0	0	0	0	0	0	0	0	0	0	0	0	0	0	0	0	0	0	0	0	0	0	0	0	0	0	0	0	0	0	0	0	0	0	0	0	0	0	0	0	0	0	0	0	0	0	0	0	0	0	0	0	0	0
Bacteria	FCPU426	0	0	0	1	0	0	1	0	0	0	0	0	1	1	1	0	0	0	0	0	0	0	0	0	0	0	0	0	0	0	0	0	1	0	0	0	0	0	0	0	0	0	0	0	0	0	0	1	0	0	0	0	0	0	0	0	0	0	0	0	1	0	0	0	0	0	0	0	0	0	0	0	0	1	0	0	0	0	0	0	0	0	0	0	0	0	0	0	0	0	0	0	0	0	0	0	0	1	0	0	0	0	1	1	0	0	0	0	0	0	0	0	0	0	0	0	0	0	0	0	0	0	0	0	1	0	0	0	0	1	0	0	0	0	0	0	0	0	0	0	0	0	0	0	0	1	0	0	1	0	0	0	0	0	0	0	0	0	0	0	0	0	0	0	0	0	0	1	0	0	0	0	0	0	0	0	0	1	0	0	0	0	0	0	0	0	0	0	0	0	0	1	0	0	0	0	0	0	0	0	0	0	0	0	0	0	1	0	1	1	1	0	0	0	0	0	0	1	0	0	0	0	0	0	0	0	0	0	0	0	0	2	0	0	0	0	0	0	0	0	0	0	0	0	0	0	0	0
Bacteria	Fibrobacteres	0	0	0	0	1	0	0	0	2	1	0	1	0	1	0	2	0	0	1	2	0	0	0	0	0	0	1	0	2	4	2	5	1	1	0	2	0	0	0	0	1	0	6	0	0	0	1	0	0	0	3	1	1	0	0	1	2	0	1	0	0	0	3	0	0	1	1	0	0	0	0	1	0	0	0	0	4	0	0	46	0	0	0	2	0	0	1	0	0	0	0	2	0	1	3	0	0	1	0	2	1	0	0	1	3	0	1	0	4	0	0	0	0	0	2	8	0	0	1	2	3	0	0	2	0	0	1	0	0	0	0	0	0	0	0	0	1	0	1	1	0	0	4	7	0	0	1	0	0	1	0	0	0	1	4	0	0	1	1	0	0	0	0	1	0	1	3	1	1	0	0	0	0	0	0	0	0	9	0	0	1	0	6	7	0	0	1	1	0	0	0	0	1	0	2	0	11	1	0	4	1	0	0	7	1	0	0	1	0	0	0	0	0	0	2	0	3	1	1	0	2	2	0	0	0	0	0	6	1	0	6	1	0	0	0	7	1	4	7	0	0	0	0	1	2	1	0	0
Bacteria	Firmicutes	0	0	0	22	107	93	20	1	74	83	4	72	6	59	29	65	1	23	62	79	31	12	23	11	5	142	107	0	143	24	37	117	138	24	35	30	40	0	43	42	46	34	122	38	1	11	27	65	8	117	21	74	1	5	48	86	80	61	5	5	100	35	49	85	81	4	102	80	26	8	20	46	60	131	16	19	54	337	66	361	62	16	32	103	9	85	7	36	57	7	30	45	37	55	173	179	43	99	3	100	349	110	1	94	10	17	52	38	22	64	117	10	68	32	135	98	37	42	22	22	104	93	13	120	58	187	7	28	130	175	9	10	30	30	10	88	81	14	23	4	48	4	82	97	24	128	98	11	105	156	64	58	361	143	20	6	20	45	100	20	2	8	23	111	42	279	53	14	124	32	12	83	301	61	15	5	17	219	8	24	11	79	147	209	57	30	83	191	8	104	21	20	17	12	62	19	90	85	7	26	34	66	15	68	75	82	21	116	40	173	235	23	24	118	34	7	172	41	12	75	19	197	48	8	45	5	26	109	9	24	99	106	6	84	64	51	42	214	21	22	21	66	36	12	12	77	2	6
Bacteria	Fusobacteria	0	0	0	2	0	1	2	0	3	0	0	1	0	1	0	0	0	0	0	0	0	0	1	0	0	0	0	0	0	0	0	0	0	0	0	0	14	0	0	0	0	0	0	0	0	0	0	0	0	0	0	0	0	0	0	0	0	0	0	0	0	0	0	0	0	0	1	0	0	0	0	2	0	0	0	0	0	1	1	2	0	0	0	7	0	0	0	0	0	0	0	1	0	0	0	0	0	0	0	1	1	1	0	4	1	0	0	0	0	3	0	0	0	0	1	1	0	0	1	0	0	1	0	0	0	0	1	0	0	5	0	0	0	0	0	2	1	0	0	0	0	0	1	2	0	1	0	0	0	0	0	0	6	0	0	0	0	0	1	0	0	0	0	0	1	1	0	0	0	0	0	0	0	0	0	0	0	0	0	0	0	0	0	0	1	0	0	0	0	0	0	0	0	0	0	1	1	1	0	0	0	0	0	0	0	0	0	1	0	1	0	0	0	0	0	0	0	0	0	0	0	1	0	1	0	0	0	0	0	0	10	0	0	1	0	0	0	0	0	0	0	0	0	0	0	0	0	0
Bacteria	GAL15	0	0	0	0	0	0	0	0	1	0	0	1	0	0	0	0	0	0	0	0	0	0	0	0	0	0	0	0	0	0	0	0	0	0	0	0	0	0	0	0	0	0	0	0	0	0	1	0	0	0	0	1	0	0	0	0	0	0	0	0	0	0	0	0	0	0	0	0	0	0	0	0	0	0	0	0	0	0	0	0	0	0	0	0	0	0	0	0	0	0	0	0	0	0	0	0	0	0	0	0	0	1	0	0	0	0	0	0	0	0	0	0	0	0	0	0	0	0	0	0	0	0	0	1	0	0	0	0	0	0	0	0	0	0	0	0	0	0	0	0	0	0	0	1	0	0	0	0	0	1	0	0	0	0	0	0	0	1	0	0	0	0	0	0	0	0	0	0	0	0	0	0	4	0	0	0	0	0	0	0	0	0	2	0	0	0	0	0	0	0	0	0	0	0	0	0	0	0	0	0	0	0	0	0	0	0	0	0	0	0	0	0	1	0	0	0	0	0	0	0	0	0	0	0	0	0	0	2	0	0	2	0	0	0	0	0	0	1	0	0	0	0	0	0	0	0	0	0
Bacteria	GN02	0	0	0	1	0	0	0	2	1	0	0	3	0	1	2	16	0	19	4	6	1	0	0	0	7	20	0	0	7	2	0	5	4	0	0	6	2	0	0	0	0	0	11	0	0	6	9	0	0	6	0	12	5	0	0	6	14	0	17	4	3	1	0	2	6	0	0	0	0	2	0	2	3	3	0	9	2	0	1	18	5	0	0	2	2	2	10	1	0	0	1	12	2	0	1	7	0	10	1	5	4	10	18	3	2	2	2	1	52	0	1	0	0	7	0	9	1	0	4	0	0	0	12	3	6	3	1	0	9	9	0	13	0	85	2	0	0	0	1	0	1	12	2	10	3	2	3	17	6	7	8	1	6	2	1	5	0	5	1	0	3	0	0	4	0	2	5	1	0	0	8	4	1	0	0	0	0	4	0	0	7	1	27	11	0	0	11	3	4	1	0	0	0	8	0	2	3	0	21	1	0	19	2	2	9	0	0	2	3	8	4	2	2	4	1	0	0	0	12	1	1	2	0	19	0	1	0	1	2	0	6	1	5	10	2	5	0	12	31	0	0	1	0	17	1	0	9	0
Bacteria	GN04	0	0	0	0	0	0	0	0	0	0	0	0	0	0	0	0	0	0	0	0	0	0	0	0	0	0	0	0	0	0	0	1	0	0	0	0	0	0	0	0	0	0	1	0	0	0	1	0	0	0	0	0	0	0	0	0	0	0	0	0	0	0	0	0	0	0	0	0	0	0	0	0	0	0	0	0	0	0	0	0	0	0	0	0	0	0	1	0	0	0	0	0	0	0	0	0	0	0	0	0	0	0	0	1	0	0	0	0	0	0	0	0	0	0	0	0	0	0	0	0	0	0	0	0	0	0	0	0	0	0	0	0	0	2	0	0	0	0	0	0	0	0	0	0	0	0	0	0	0	0	0	0	0	0	0	0	1	0	0	0	0	0	0	0	0	0	0	0	0	0	0	0	0	0	0	0	0	0	0	0	0	0	4	0	0	0	0	0	0	0	0	0	0	0	0	0	0	0	0	1	0	0	0	0	0	0	0	0	1	0	0	0	0	0	0	0	0	0	0	0	0	0	0	0	0	0	0	3	0	0	0	0	0	0	0	0	0	0	3	0	0	0	0	0	0	0	0	0
Bacteria	GOUTA4	0	0	0	0	0	0	0	0	0	0	0	0	0	0	0	0	0	0	0	0	0	0	0	0	0	0	0	0	0	0	0	0	0	0	0	0	0	0	0	0	0	0	0	0	0	0	0	0	0	0	0	0	0	0	0	0	0	0	0	0	0	0	0	0	0	0	0	0	0	0	0	0	0	0	0	0	0	0	0	0	0	0	0	0	0	0	0	0	0	0	0	0	0	0	0	0	0	0	0	0	0	0	0	0	0	0	0	0	0	0	0	0	0	0	0	0	0	0	0	0	0	0	0	0	0	0	0	0	0	1	0	0	0	0	0	0	0	0	0	0	0	0	0	0	0	0	0	0	0	0	0	0	0	0	0	0	0	0	0	0	0	0	0	0	0	0	0	0	0	0	0	0	0	0	0	0	0	0	0	0	0	0	2	0	0	0	0	0	0	0	0	0	0	0	0	0	0	0	0	0	0	0	0	0	0	0	0	0	1	0	0	0	0	0	0	0	0	0	0	0	0	0	0	0	0	0	0	1	0	0	0	1	0	0	0	0	0	0	0	0	0	0	0	0	0	1	0	0
Bacteria	Gemmatimonadetes	0	0	0	0	13	11	2	0	2	3	1	0	0	9	3	692	0	121	505	163	7	4	0	0	55	9	2	0	89	659	7	702	34	1	57	578	1	0	7	154	5	12	327	51	4	4	74	5	4	2	26	577	38	7	82	4	440	167	23	145	8	53	12	9	21	0	14	23	1	166	250	731	45	5	0	61	98	4	0	517	0	0	0	7	2	10	55	2	9	24	2	241	197	1	222	5	66	13	0	5	36	13	29	7	239	113	0	11	31	8	8	16	5	22	10	506	3	40	506	63	17	9	49	6	10	6	78	5	16	19	0	48	112	137	1	6	6	4	89	8	8	24	800	658	1	5	6	67	7	31	34	10	5	36	228	150	161	803	5	11	123	0	8	3	2	20	11	229	573	1	23	92	274	1	1	0	0	10	8	2	40	104	353	618	2	9	457	15	140	3	3	0	0	0	103	111	127	2	53	105	11	41	95	349	52	5	7	61	29	7	4	2	1	9	2	3	10	64	33	113	84	69	8	61	5	127	2	1101	144	0	570	12	125	11	5	276	11	531	71	5	3	22	8	13	15	14	59	0
Bacteria	H-178	0	0	0	0	0	0	0	0	0	1	0	0	0	0	0	0	0	0	0	0	0	0	0	0	0	0	0	0	0	0	0	0	0	0	0	0	0	0	0	0	0	0	0	0	0	1	0	2	0	0	0	0	0	0	0	0	0	1	0	0	0	1	0	0	0	0	0	2	0	0	0	0	0	1	0	0	0	0	0	0	0	0	0	0	0	0	0	0	1	0	0	0	0	0	1	0	0	0	0	0	0	0	0	1	0	0	0	0	0	0	1	0	0	0	0	0	0	0	0	0	0	0	0	0	0	0	0	1	0	0	0	0	0	0	0	0	0	0	0	0	0	0	0	0	0	0	0	0	0	0	0	0	0	0	0	0	0	0	0	0	0	0	0	0	0	0	0	0	0	0	0	0	1	0	0	0	0	0	0	0	0	0	0	0	0	0	0	0	0	0	0	0	0	0	0	1	0	0	0	0	0	0	0	0	0	0	0	0	0	0	0	0	0	0	0	0	0	0	0	0	0	0	0	0	0	0	0	0	0	0	2	0	0	0	0	0	0	0	0	0	0	0	1	0	0	1	0	0
Bacteria	Hyd24-12	0	0	0	0	0	0	0	0	0	0	0	0	0	0	0	0	0	0	0	0	0	0	0	0	0	0	0	0	0	0	0	0	0	0	0	0	0	0	0	0	0	0	0	0	0	0	0	0	0	0	0	0	0	0	0	0	0	0	0	0	0	0	0	0	0	0	0	0	0	0	0	0	0	0	0	0	0	0	0	0	0	0	0	0	0	0	0	0	0	0	0	0	0	0	0	0	0	0	0	0	0	0	0	0	0	0	0	0	0	0	0	0	0	0	0	1	0	0	0	0	0	0	0	0	0	0	0	0	0	0	0	0	0	0	0	0	0	0	0	0	0	0	0	0	0	0	0	0	0	0	0	0	0	0	0	0	0	0	0	0	0	0	0	0	0	0	0	0	0	0	0	0	0	0	0	0	0	0	0	0	0	0	0	0	0	0	0	0	0	0	0	0	0	0	0	0	0	0	0	0	0	0	0	0	0	0	0	0	0	0	0	0	0	0	0	0	0	0	0	0	0	0	0	0	0	0	0	0	0	0	0	0	0	0	0	0	0	0	0	0	0	0	0	0	0	0	0	0
Bacteria	KSB3	0	0	0	0	0	0	0	0	0	0	0	0	0	0	0	1	0	0	0	2	0	0	0	0	2	0	0	0	0	0	0	3	1	0	0	1	0	0	0	0	0	0	3	0	0	0	0	0	0	0	0	0	0	0	0	0	0	0	0	0	0	0	0	0	0	0	0	0	0	0	0	1	0	0	0	0	0	0	0	3	5	0	0	1	0	0	1	0	0	0	0	1	0	0	0	0	0	0	0	0	0	0	1	0	1	0	2	0	0	0	0	0	0	0	0	0	0	0	0	0	0	1	1	0	0	0	0	0	0	0	0	0	0	0	0	0	0	0	0	0	0	0	4	2	0	0	0	0	0	1	0	0	0	0	1	0	0	0	0	0	0	0	0	0	0	0	0	0	0	0	0	0	0	0	0	0	0	0	0	0	0	0	1	1	0	0	0	0	0	0	0	0	2	3	0	0	0	0	1	0	0	0	0	1	1	0	0	0	0	0	0	0	0	0	0	0	0	1	0	0	0	0	0	1	0	1	0	3	0	0	1	0	0	0	0	1	1	0	0	0	0	0	0	0	0	0	0	0
Bacteria	LCP-89	0	0	0	0	0	0	0	0	0	0	0	0	0	0	0	1	0	0	0	0	0	0	0	0	0	0	0	0	0	1	0	0	0	0	0	0	0	0	0	0	0	0	0	0	0	0	0	0	0	0	0	0	0	0	0	0	0	0	0	0	0	0	0	0	0	0	0	1	0	0	0	1	0	0	0	1	0	0	0	0	0	0	0	0	0	0	0	0	0	0	0	1	0	0	0	0	0	0	0	1	0	0	0	0	0	0	0	0	0	0	0	0	0	0	0	0	0	0	1	0	0	0	0	0	0	0	0	0	0	0	0	0	0	1	0	0	0	0	0	0	0	0	1	1	0	0	0	1	0	0	0	0	0	0	0	0	0	0	0	0	0	1	0	0	0	0	0	0	0	0	0	0	0	0	0	0	0	0	0	0	0	4	1	0	0	0	0	0	0	0	0	0	0	0	0	0	0	0	0	0	0	0	0	1	0	0	0	0	1	0	0	0	0	0	0	0	0	0	0	0	0	0	0	1	0	0	0	0	0	0	0	0	0	0	0	0	0	0	0	0	0	0	0	0	0	0	0	0
Bacteria	LD1	0	0	0	0	1	0	0	0	0	0	0	0	0	0	0	0	0	0	0	0	0	0	0	0	0	0	1	0	0	0	1	0	0	0	0	0	0	0	0	0	0	0	0	0	0	0	0	0	0	0	0	0	0	0	0	0	0	0	0	0	0	0	0	0	0	0	0	0	0	0	0	0	0	0	0	0	0	0	0	0	0	0	0	0	0	0	0	0	0	0	0	0	0	0	0	0	0	0	0	0	0	0	0	0	0	0	0	0	1	0	0	0	0	0	0	0	0	0	0	0	0	1	0	0	0	0	0	0	0	0	0	0	0	0	0	0	0	0	0	0	0	0	0	0	0	0	0	0	0	0	0	0	0	0	0	0	0	0	0	0	0	0	0	0	0	0	0	0	0	1	0	0	0	0	0	0	0	1	0	0	0	0	1	0	0	0	1	0	0	0	0	0	0	0	0	0	0	0	0	0	0	0	0	0	0	0	0	0	0	0	0	0	0	0	0	0	0	0	1	0	0	0	0	0	0	1	0	3	0	0	0	0	0	0	0	0	0	0	0	0	0	0	0	0	0	0	0	0
Bacteria	Lentisphaerae	0	0	0	0	0	0	2	0	0	1	0	1	0	24	4	20	62	14	42	8	2	0	0	4	5	3	2	0	4	16	0	20	9	0	27	16	59	0	1	19	0	2	56	3	1	0	13	10	1	8	6	48	1	5	92	0	12	20	4	0	8	4	3	19	0	13	17	12	1	2	7	49	28	4	1	4	7	9	1	265	498	0	0	6	0	18	10	1	37	5	0	47	2	0	10	2	1	3	133	2	6	8	1	37	2	4	311	12	2	67	33	0	0	0	2	32	0	3	23	1	0	1	7	7	21	0	5	12	0	21	319	3	1	11	0	3	13	4	14	0	17	9	23	28	0	0	0	10	19	23	2	12	5	5	10	2	9	16	11	1	2	450	8	0	1	0	11	3	3	0	6	6	40	2	10	76	0	0	3	5	0	12	35	17	0	7	35	0	0	12	7	1	453	707	10	8	52	4	4	13	35	2	6	29	5	0	16	8	1	1	4	0	0	0	0	8	1	16	5	2	5	4	14	5	0	6	0	9	1	0	34	63	0	6	3	16	35	60	5	4	0	48	27	2	7	66	11	104
Bacteria	MVS-104	0	0	0	0	0	0	0	0	0	0	0	0	0	0	0	0	0	0	0	1	0	0	0	0	0	0	0	0	0	0	0	0	0	0	0	0	0	0	0	0	0	0	0	0	0	0	0	0	0	0	0	0	0	0	0	0	0	0	0	0	0	0	0	0	0	0	0	0	0	0	0	0	0	0	0	0	0	0	0	0	0	0	0	0	0	0	0	0	0	0	0	0	0	0	0	0	0	0	0	0	0	0	1	0	0	0	0	0	0	0	0	0	0	0	0	0	0	0	0	0	0	0	0	0	0	0	0	0	0	0	0	0	0	0	0	0	0	0	0	0	0	0	0	0	0	0	0	0	0	0	0	0	0	0	0	0	0	0	0	0	0	0	0	0	0	0	0	0	0	0	0	0	0	0	0	0	0	0	0	0	0	0	0	0	0	0	0	0	0	0	0	0	0	0	0	0	0	0	0	0	0	0	0	0	0	0	0	0	0	0	0	0	0	0	0	0	0	0	0	0	0	0	0	0	0	0	0	0	0	0	0	0	0	0	0	0	0	0	0	0	0	0	0	0	0	0	0	0
Bacteria	NC10	0	0	0	0	0	0	0	0	0	0	0	0	0	0	0	0	0	1	0	0	0	0	0	1	0	0	0	0	0	0	0	1	0	0	0	0	0	0	0	0	0	0	1	0	0	0	0	0	0	0	0	0	0	0	0	0	0	0	0	0	0	0	0	0	0	0	0	0	0	0	0	0	0	0	0	0	0	0	0	0	0	0	0	0	0	0	1	0	0	0	0	0	0	0	0	0	0	0	0	0	0	0	0	0	0	0	0	0	0	0	0	0	0	0	0	3	0	0	0	0	0	0	0	0	0	0	0	0	0	0	0	0	0	5	0	0	1	0	1	0	0	0	2	0	0	0	0	0	0	0	0	0	0	0	0	0	0	0	0	0	0	0	0	0	0	0	0	0	1	0	0	0	1	0	0	0	0	0	0	0	2	0	2	0	0	0	0	0	0	0	0	0	0	0	0	0	1	0	0	0	0	0	0	1	0	0	0	0	0	0	0	0	0	1	0	0	0	0	0	0	0	0	0	0	0	0	0	1	0	0	0	0	0	0	0	0	0	1	4	0	0	0	0	0	0	0	0	0
Bacteria	NKB19	0	0	0	0	0	0	1	0	1	1	0	1	0	1	0	2	0	3	2	1	0	0	0	0	1	1	1	0	0	1	0	5	1	0	1	2	18	0	0	1	0	0	1	0	0	0	0	0	0	1	0	3	1	0	0	0	2	0	2	0	0	0	0	0	0	0	0	0	0	0	0	6	0	1	0	0	3	2	0	18	0	0	0	1	0	0	1	0	1	0	0	2	0	0	1	1	0	0	0	0	1	3	2	2	0	1	1	0	3	3	0	0	0	0	0	3	0	0	1	1	0	0	1	4	0	1	0	0	0	0	0	0	0	8	0	0	2	0	1	0	0	1	1	0	0	0	1	1	0	1	0	0	1	1	0	0	0	0	1	0	0	0	0	0	0	0	0	0	0	0	1	0	0	0	0	0	1	2	0	0	3	0	3	4	0	0	6	1	0	1	0	0	0	0	0	1	3	0	1	1	0	0	0	1	0	0	0	8	0	0	0	0	0	1	0	4	0	0	0	1	1	0	0	0	0	1	0	1	1	0	3	1	0	0	1	0	0	23	17	0	0	0	0	2	0	0	1	0
Bacteria	NPL-UPA2	0	0	0	0	0	0	0	0	0	0	0	0	0	0	0	0	0	0	0	0	0	0	0	0	0	0	0	0	0	0	0	0	0	0	0	0	0	0	0	0	0	0	0	0	0	0	0	0	0	0	0	0	0	0	0	0	0	0	0	0	0	0	0	0	0	0	0	0	0	0	0	0	0	0	0	0	0	0	0	0	0	0	0	1	0	0	0	0	0	0	0	0	0	0	0	0	0	0	0	0	0	0	0	0	0	0	0	0	0	0	0	0	0	0	0	0	0	0	0	0	0	0	0	0	0	0	0	0	0	0	0	0	0	0	0	0	0	0	0	0	0	0	0	0	0	0	0	0	0	0	0	0	0	0	0	0	0	0	0	0	0	0	0	0	0	0	0	0	0	0	0	0	0	0	0	0	0	0	0	0	1	0	0	0	0	0	1	0	0	0	0	0	0	0	0	0	0	0	0	0	0	0	0	0	0	0	0	0	0	0	0	0	0	0	0	0	0	0	0	0	0	0	0	0	0	0	0	1	0	0	0	0	0	0	0	0	0	0	1	0	0	0	0	0	0	0	0	0
Bacteria	Nitrospirae	0	0	0	2	0	0	2	0	0	0	0	0	0	0	0	40	0	0	3	0	0	0	0	0	0	1	0	0	0	160	0	38	1	0	1	64	1	0	1	5	0	0	4	0	0	1	3	0	0	0	0	2	1	0	10	0	16	2	0	0	0	0	0	0	0	0	0	0	0	2	1	1	0	0	0	0	0	0	0	4	0	0	0	1	0	0	1	0	0	0	0	3	6	0	0	0	0	0	0	1	0	0	1	4	0	2	0	0	0	2	0	0	1	0	0	0	0	0	85	2	0	0	2	0	0	0	0	0	1	0	0	0	0	4	0	0	0	0	2	0	0	0	5	1	0	0	0	2	0	0	0	0	1	0	0	0	1	0	0	0	0	0	0	0	0	0	0	2	0	0	0	0	0	0	0	0	0	0	0	0	1	0	3	1	0	0	2	0	1	0	0	0	0	0	1	3	0	0	3	1	1	0	0	2	2	0	0	1	0	0	0	0	0	0	0	0	0	1	0	0	0	0	1	0	0	0	0	10	1	0	6	2	0	0	0	6	0	4	2	0	1	1	0	0	0	0	3	0
Bacteria	OC31	0	0	0	0	0	0	0	0	0	0	0	0	0	0	0	0	0	0	0	0	0	0	0	0	0	0	0	0	0	0	0	0	0	0	0	0	0	0	0	0	0	0	0	0	0	0	0	0	0	0	0	0	0	0	1	0	0	0	0	0	0	0	0	0	0	0	0	0	0	0	0	0	0	0	0	0	0	0	0	0	0	0	0	0	0	0	0	0	0	0	0	0	0	0	0	0	0	0	0	0	0	0	0	0	0	0	0	0	0	0	0	0	0	0	0	0	0	0	0	0	0	0	0	0	0	0	0	0	0	0	0	0	0	0	0	0	0	0	0	0	0	0	0	0	0	0	0	0	0	0	0	0	0	0	0	0	0	0	0	0	0	0	0	0	0	0	0	0	0	0	0	0	0	0	0	0	0	0	0	0	0	0	0	0	0	0	0	0	0	0	0	0	0	0	0	0	0	0	0	0	0	0	0	0	0	0	0	0	0	0	0	0	0	0	0	0	0	0	0	0	0	0	0	0	0	0	0	0	0	0	0	0	0	0	0	0	0	0	0	0	0	0	0	0	0	0	0	0
Bacteria	OD1	0	0	0	0	0	0	0	0	6	0	0	0	0	0	0	64	0	51	5	65	0	0	0	0	27	3	0	0	9	33	0	8	1	0	2	31	0	0	0	3	1	1	4	0	0	2	1	0	0	2	3	9	9	0	0	7	14	7	108	4	2	1	0	0	0	1	3	1	0	1	7	11	3	8	0	64	257	0	0	10	1	0	0	0	6	0	69	2	0	0	0	52	2	0	0	0	0	1	0	0	38	41	18	0	6	0	0	0	95	1	0	1	1	0	0	12	0	0	14	123	1	0	69	0	0	0	2	0	3	6	0	61	0	68	0	0	1	0	1	0	1	115	5	11	0	0	0	59	0	0	0	0	0	0	4	3	0	14	5	0	6	0	0	0	0	0	0	7	0	0	94	6	1	0	0	0	3	5	0	0	12	5	8	25	0	0	23	1	2	0	0	0	0	0	3	53	2	0	45	7	0	13	0	9	16	0	0	84	12	0	4	0	0	0	0	0	0	0	101	1	3	3	1	46	0	0	0	17	4	0	268	1	4	28	0	3	0	31	46	0	0	3	0	39	0	0	73	0
Bacteria	OP1	0	0	0	0	0	0	0	0	0	0	0	0	0	0	0	0	0	0	0	0	0	0	0	0	0	0	0	0	0	0	0	0	0	0	0	0	0	0	0	0	0	0	0	0	0	0	0	0	0	0	0	0	0	0	0	0	0	0	0	0	0	0	0	0	0	0	0	0	0	0	0	0	0	0	0	0	0	0	0	0	0	0	0	0	0	0	0	0	0	0	0	0	0	0	0	0	0	0	0	0	0	0	0	0	0	0	0	0	0	0	0	0	0	0	0	0	0	0	0	0	0	0	0	0	0	0	0	0	0	0	0	0	0	0	0	0	0	0	2	0	0	0	0	0	0	0	0	0	0	0	0	0	0	0	0	0	0	0	0	0	0	0	0	0	0	0	0	0	0	0	0	0	0	0	0	0	0	0	0	0	0	0	0	0	0	0	0	0	0	0	0	0	0	0	0	0	0	0	0	0	0	0	0	0	0	0	0	0	0	0	0	0	0	0	0	0	0	0	0	0	0	0	0	0	0	0	0	0	0	0	0	0	0	0	0	0	0	0	0	0	0	0	0	0	0	0	0	0
Bacteria	OP11	0	0	0	0	0	0	0	0	0	0	0	0	0	0	0	0	0	0	0	0	0	0	0	1	0	0	0	0	0	0	0	0	0	0	0	0	0	0	0	0	0	0	0	0	0	0	0	0	0	0	0	0	0	0	0	0	0	0	0	0	0	0	0	0	0	0	0	0	0	0	0	0	0	0	0	0	0	0	0	0	0	0	0	1	0	0	0	0	0	0	0	0	0	0	1	0	0	0	0	0	1	0	1	0	0	0	0	0	0	0	0	0	0	0	0	0	0	0	0	0	0	0	0	0	1	0	0	0	0	0	0	0	0	2	0	0	0	0	0	0	0	0	0	0	0	0	0	0	0	0	0	0	0	0	0	0	0	0	0	0	0	0	0	0	0	0	0	0	0	0	0	0	0	0	0	0	0	0	0	0	0	0	0	0	0	0	0	0	0	0	0	0	0	0	0	0	0	0	0	0	0	0	0	0	0	0	0	0	0	0	0	0	0	0	0	0	0	0	0	0	0	0	0	0	0	0	0	0	0	0	0	0	0	1	0	0	0	0	0	0	0	0	0	0	0	0	0	0
Bacteria	OP3	0	0	0	1	0	0	1	1	0	0	0	0	0	0	1	0	0	0	1	0	0	0	0	1	0	1	2	0	0	2	0	2	0	0	0	0	0	0	0	0	0	0	1	0	0	1	0	0	1	2	1	1	0	0	3	0	2	0	2	0	0	0	1	0	1	0	0	0	0	0	1	1	0	1	1	2	0	0	0	0	3	0	0	1	0	0	4	0	1	0	0	0	1	0	1	2	0	0	0	0	2	0	4	0	0	0	2	1	19	0	0	0	0	0	1	1	0	0	2	0	0	2	2	0	2	0	0	0	0	1	0	0	0	46	0	0	2	0	0	0	1	0	1	0	0	1	1	6	0	2	0	0	2	0	0	0	0	1	1	0	0	0	0	0	0	3	0	0	0	0	0	0	2	0	0	0	0	0	0	0	5	0	2	3	0	0	2	0	0	0	0	1	0	0	0	3	0	0	4	0	0	0	1	0	1	0	0	0	0	0	0	0	0	1	0	0	0	0	0	0	1	0	0	3	0	1	0	3	0	0	13	0	0	0	0	1	0	1	18	0	0	0	0	13	1	0	0	0
Bacteria	OP8	0	0	0	0	0	0	0	0	0	0	0	0	0	0	0	1	0	1	2	0	0	0	0	0	0	0	0	0	0	1	0	2	0	0	0	0	0	0	0	0	0	0	3	0	0	0	0	0	0	0	0	0	0	0	0	0	2	0	3	0	0	0	0	0	0	0	0	1	0	0	0	1	0	0	0	4	0	1	0	0	0	0	0	0	0	0	4	0	0	0	0	1	0	0	0	0	0	0	0	0	0	0	5	0	0	0	0	0	11	0	0	0	0	0	0	3	0	0	1	1	0	0	2	0	0	0	0	0	0	0	0	2	0	20	0	0	0	0	0	0	0	2	5	2	0	0	0	4	0	0	0	0	0	0	2	0	0	2	1	0	0	0	0	0	0	0	0	2	0	0	0	0	0	0	0	0	0	0	0	0	4	0	1	2	0	0	1	0	0	0	0	1	0	0	1	0	0	0	4	1	0	0	0	1	0	0	0	0	0	0	0	0	0	0	0	0	0	0	2	0	0	0	0	8	0	0	0	1	0	0	4	0	0	0	0	1	0	6	8	0	0	0	0	7	0	0	9	0
Bacteria	OP9	0	0	0	0	0	0	0	0	0	0	0	0	0	0	0	0	0	0	0	0	0	0	0	0	0	0	1	0	0	0	1	1	0	0	0	0	0	0	0	0	0	0	0	0	0	0	0	0	0	0	0	0	0	0	0	0	0	0	0	0	0	0	0	0	0	0	0	0	0	0	0	0	0	0	0	0	0	0	0	0	0	0	0	0	0	0	0	0	0	0	0	0	0	0	0	0	0	1	0	0	0	0	0	0	0	0	0	0	0	0	0	0	0	0	0	0	0	0	0	0	0	0	0	0	0	0	0	0	0	0	0	0	0	0	0	0	0	0	0	0	0	0	0	0	0	0	0	0	0	0	0	0	0	0	0	0	0	0	0	0	0	0	0	0	0	0	0	0	0	0	0	0	0	0	0	0	0	0	0	0	0	0	3	0	0	0	1	0	0	0	0	0	0	0	0	0	0	0	0	0	0	0	0	0	0	0	0	0	0	0	0	0	0	0	0	0	0	0	0	0	0	1	0	0	0	0	0	0	0	0	0	0	0	0	0	0	0	0	1	0	0	0	0	0	0	0	0	0
Bacteria	PAUC34f	0	0	0	10	4	2	12	0	3	5	0	2	0	123	2	163	0	108	231	98	2	4	0	2	36	135	33	0	134	169	1	173	167	9	44	225	0	0	34	63	12	10	128	35	1	6	92	4	0	4	31	257	24	6	72	70	131	100	63	79	14	44	7	156	45	2	144	25	0	76	63	206	52	16	5	53	60	1	63	272	1	2	2	19	3	14	58	8	2	16	12	90	46	0	124	147	37	62	0	1	16	59	42	15	53	24	0	19	67	11	3	17	7	39	3	177	2	23	208	28	8	1	53	4	3	27	6	1	89	21	0	70	84	221	1	0	5	8	33	4	20	46	245	178	12	28	18	79	88	44	73	26	29	11	43	70	43	199	76	6	58	0	4	68	38	52	7	55	405	13	86	28	252	0	4	0	11	54	11	1	54	109	253	93	5	8	193	7	87	5	5	40	0	0	63	39	61	18	60	9	6	11	46	34	72	4	9	26	42	61	62	10	3	109	1	2	18	40	68	98	40	84	26	82	13	36	1	260	89	0	241	26	65	24	5	75	10	194	93	19	2	34	2	43	10	3	60	0
Bacteria	Planctomycetes	0	1	0	109	186	181	110	6	42	134	19	132	6	395	90	887	1	1355	959	391	22	30	37	8	532	197	36	0	286	1046	28	1000	231	53	292	985	921	0	147	313	24	24	702	79	20	108	316	98	28	221	90	1156	274	30	252	38	602	286	1640	275	115	144	52	388	115	175	174	253	17	238	257	781	308	151	4	1621	161	88	196	1295	22	6	7	63	45	86	1352	38	65	70	2	774	233	22	275	113	78	222	2	39	704	213	911	227	271	181	4	89	3783	243	76	86	6	40	162	564	7	162	794	97	42	273	1638	478	103	43	148	29	133	264	10	1546	126	5166	28	98	56	185	168	22	100	1768	1010	860	26	46	69	1439	198	168	99	87	214	101	278	268	194	722	126	24	242	0	180	97	107	249	146	285	722	20	1742	334	1048	15	31	0	8	115	36	21	1311	353	1437	659	48	198	1233	24	266	94	176	64	0	12	279	157	352	49	1494	259	28	191	174	611	142	20	28	303	58	25	81	21	15	141	6	183	316	157	1745	420	116	140	105	1437	40	122	2	1373	254	8	833	397	272	259	148	395	66	910	2638	46	55	290	34	1653	80	82	1591	1
Bacteria	Poribacteria	0	0	0	0	0	0	0	1	0	1	0	0	0	0	0	4	0	2	12	2	0	0	0	0	1	1	0	0	5	5	0	18	0	0	0	7	0	0	0	0	1	0	8	0	0	0	3	0	0	0	1	11	0	0	0	2	3	0	0	0	0	1	0	0	0	0	1	0	0	0	2	4	1	0	0	4	1	0	0	1	0	0	0	0	0	0	2	0	0	0	0	1	4	0	3	0	0	0	0	0	0	0	0	0	1	2	0	0	0	0	0	2	0	1	0	7	0	2	9	0	0	0	0	0	0	0	0	0	0	0	0	1	0	2	0	0	0	0	0	0	0	1	26	13	0	0	0	0	0	0	0	0	0	2	1	0	4	10	1	0	0	0	0	0	0	0	0	2	7	0	2	2	5	0	0	0	0	1	0	0	1	1	6	6	0	0	1	0	1	0	0	0	0	0	0	2	0	0	0	0	1	2	1	0	0	0	0	0	1	0	0	0	0	0	0	0	0	2	0	7	3	3	0	0	0	0	0	13	2	0	5	0	1	0	0	6	0	2	1	0	0	1	0	0	0	2	1	0
Bacteria	Proteobacteria	186	171	211	42124	32966	32725	42841	25054	83293	52248	4942	49907	5094	61626	22041	65523	17069	42497	54856	69087	8705	15104	16470	10152	16933	74565	97357	0	59408	46265	17340	57034	81963	9212	66250	60121	166841	0	112831	69447	13157	14715	81986	22936	11566	15884	11132	80255	11413	72403	20739	67175	8342	13927	69225	42910	69686	67709	15774	20334	78475	25068	32962	66782	77981	11667	51190	76181	10563	16937	17412	58146	70712	61257	16861	12773	30897	63078	50573	44162	37878	6689	12811	58705	9682	80661	15255	15470	16748	10744	15173	67565	14237	11717	76039	80923	22282	61748	17810	73691	71363	69560	6549	67975	17429	9232	26323	21626	26234	55643	72412	5789	13056	13112	98672	119644	13845	10629	44143	15604	35540	145738	12987	122591	52340	62128	10433	8461	60814	54691	84960	12758	8827	35948	11376	72995	48819	21921	17966	12069	22157	16295	46570	43274	15263	62417	61912	15141	77141	72776	26997	21689	80508	43569	17836	20420	10060	65774	71143	13828	20242	92608	21805	70787	42580	65691	80667	17020	47476	12206	16056	60859	68401	27663	8432	15352	9206	65791	13736	20353	15244	58955	49704	56495	14907	21906	65775	35892	17087	70396	22164	24970	76259	79666	72315	10241	11006	43261	15173	19793	9534	45720	11619	45609	55132	19626	8440	63901	24184	81371	67686	12490	14300	74804	35354	12101	44052	40651	16115	32036	21931	89307	21488	15189	12321	9234	6096	77998	17131	13227	55742	49518	19925	71751	54104	23289	17522	51050	31396	15911	20618	73524	9768	11533	31013	19372	12950	23925
Bacteria	SAR406	8	1	8	1459	583	592	1469	603	2794	2649	248	2468	241	3172	1028	8319	2	9309	6694	5094	947	1522	141	357	3649	3231	1738	0	5613	8599	660	8158	6311	532	4605	8097	172	0	1044	5230	505	884	8947	1550	764	891	1316	3629	1244	3634	1371	9187	1933	1028	4290	1770	6344	5076	4618	2104	4520	1654	1313	5708	4777	389	9316	2979	303	1668	2470	5113	4598	3802	304	3914	1638	683	2827	5610	83	155	267	3196	1293	5554	5274	987	664	685	220	8236	2091	154	5039	1981	1575	3228	27	2466	1941	2986	3430	3997	2477	1354	63	1586	9126	3808	2337	745	740	1119	903	4455	237	493	7194	858	1293	4460	4173	2001	6076	1035	1376	338	3069	2689	12	4062	1002	18478	555	124	1587	1410	2048	827	1640	4572	8669	5975	1151	1366	1454	5254	4906	4379	2342	1587	4487	4618	2597	2191	1774	12520	6512	912	2273	13	1378	5230	942	1722	7874	2380	5800	835	4724	4395	3636	1684	325	8	343	2500	942	704	4062	3887	6075	5705	839	1342	10680	1885	1708	1919	1395	576	22	136	4165	873	1441	1041	5185	2323	330	6177	1238	5496	5491	669	397	4606	2397	1158	4580	705	466	2674	1423	395	2954	2930	4799	4169	898	5714	1604	5306	333	847	336	7287	1690	818	4605	2818	2098	2983	2332	3455	846	8608	7960	955	882	3252	345	3912	2117	647	4035	0
Bacteria	SBR1093	0	0	0	293	135	128	283	1	36	9	1	10	1	72	35	3	0	30	0	146	13	5	29	11	14	843	20	0	134	109	50	1	146	14	237	0	4	0	0	463	39	23	0	48	22	10	15	61	1	124	45	0	2	21	825	62	0	243	9	75	207	72	79	55	948	5	61	176	11	34	5	0	171	139	5	3	25	44	91	0	0	6	35	78	54	32	13	28	24	33	27	18	0	8	190	6	59	166	0	43	239	91	5	59	8	0	0	23	2	59	23	14	49	38	136	0	57	53	5	10	153	30	1	3	29	208	0	20	179	93	0	3	68	25	3	0	78	20	0	17	22	11	0	5	232	185	127	11	630	170	86	18	36	47	7	90	0	1	81	35	87	0	18	1011	0	265	31	7	364	72	16	187	309	41	12	0	12	271	34	21	0	179	87	24	9	31	2	166	42	112	31	1	0	1	259	5	0	39	11	2	34	188	0	0	60	97	6	250	35	161	372	144	35	169	15	2	78	93	15	97	0	170	20	12	48	0	29	202	60	24	10	4	66	102	22	0	10	4	3	28	13	191	15	0	56	30	8	0
Bacteria	SR1	0	0	0	0	0	0	0	0	0	0	0	0	0	0	0	0	0	0	0	0	0	0	0	0	0	0	0	0	0	1	0	0	0	0	0	0	0	0	0	0	0	0	0	0	0	0	0	0	0	0	0	0	0	0	0	0	0	0	0	0	0	0	0	0	0	0	0	0	0	0	0	0	0	0	0	0	0	0	0	0	0	0	0	0	0	0	0	0	0	0	0	0	0	0	0	0	0	0	0	0	0	0	0	0	0	0	0	0	0	0	0	0	0	0	0	0	0	0	0	0	0	0	0	0	0	0	0	0	0	0	0	0	0	0	0	0	0	0	0	0	0	0	0	0	0	0	0	0	0	0	0	0	0	0	0	0	0	0	0	0	0	0	0	0	0	0	0	0	0	0	0	0	0	0	0	0	0	0	0	0	0	0	0	0	0	0	0	0	0	0	0	0	0	0	0	0	0	0	0	0	0	0	0	0	0	0	0	0	0	0	0	0	0	0	0	0	0	0	0	0	0	0	0	0	0	0	0	0	0	0	0	1	0	0	0	0	0	0	0	0	0	0	0	0	0	0	0	0
Bacteria	Spirochaetes	0	0	0	0	0	0	0	1	3	2	0	1	0	19	1	15	0	0	2	0	1	0	0	0	1	0	0	0	0	33	0	17	2	0	1	8	1	0	2	2	0	0	1	0	0	2	4	0	0	1	0	18	0	1	3	0	1	1	1	0	4	0	0	5	0	1	0	14	0	2	1	34	0	0	0	2	7	0	1	3	0	0	0	0	0	0	13	0	1	0	0	0	8	0	0	0	0	1	0	0	62	11	9	305	1	7	1	5	37	71	0	1	0	0	1	7	2	0	6	2	0	0	8	7	1	1	0	0	1	3	2	8	0	49	0	0	1	12	0	0	8	2	42	29	0	0	0	6	0	1	0	6	4	0	1	1	12	0	1	0	0	1	13	0	2	1	0	0	1	0	5	0	0	0	0	0	0	0	0	0	7	0	15	2	0	18	11	0	3	1	23	0	0	1	2	5	0	0	7	0	0	0	1	0	1	0	0	93	0	0	0	0	0	13	0	0	0	0	0	1	3	0	3	11	0	2	0	36	3	0	2	38	0	6	1	10	0	4	15	0	1	1	0	6	0	0	2	0
Bacteria	Synergistetes	0	0	0	0	0	0	0	0	0	1	1	0	0	0	0	1	0	3	2	1	0	0	0	0	1	1	1	0	3	0	0	0	0	0	0	0	0	0	1	1	0	0	0	2	0	0	0	0	1	0	1	1	0	0	3	0	0	0	3	1	2	0	1	0	0	0	2	2	0	0	0	1	0	3	0	0	0	0	2	1	0	0	1	1	0	1	1	0	0	0	1	3	0	1	1	0	1	2	0	0	1	2	0	0	0	0	0	2	1	0	0	0	0	0	0	1	1	1	0	0	0	0	1	0	1	0	0	0	2	1	0	0	0	2	0	0	2	1	0	0	0	0	1	0	0	2	0	0	2	0	1	0	2	0	0	0	0	1	1	2	0	0	0	1	1	0	1	0	1	0	0	0	3	0	1	0	0	1	0	0	0	0	2	1	0	0	0	1	0	1	1	0	0	0	1	0	0	0	0	1	0	1	0	0	8	0	0	2	2	1	2	0	0	1	0	0	0	0	0	0	0	1	0	0	0	1	0	2	1	0	0	0	0	4	1	0	1	1	1	1	1	0	0	0	1	0	2	0
Bacteria	TM6	0	0	0	0	0	0	0	0	0	0	0	0	0	0	0	0	0	1	1	0	0	0	0	0	1	0	0	0	0	0	1	2	0	0	1	0	0	0	0	0	0	0	2	0	0	0	0	1	0	0	0	1	0	0	0	0	0	0	2	2	0	0	0	2	0	0	0	0	0	0	0	1	0	0	0	2	0	0	1	0	0	0	0	0	0	0	2	0	0	0	0	0	1	0	0	1	0	0	0	0	3	0	4	1	0	1	0	1	26	0	0	0	0	0	0	2	0	0	0	0	0	0	5	0	0	0	1	0	1	0	0	6	0	23	0	0	1	1	1	0	0	5	1	5	0	0	0	1	0	2	0	0	0	0	1	0	0	2	0	0	1	0	1	0	0	0	0	0	9	0	9	0	0	0	0	0	0	3	0	1	7	1	0	0	0	0	1	1	0	0	1	0	0	0	0	1	0	0	3	3	0	0	0	1	0	1	0	1	0	3	0	0	0	0	0	0	0	0	4	0	0	0	0	3	0	0	2	1	0	0	8	0	1	0	0	1	0	3	16	0	0	0	0	9	0	0	3	0
Bacteria	TM7	0	0	0	0	0	1	0	0	0	0	0	0	0	12	0	92	0	0	1	61	0	0	0	0	0	6	1	0	38	60	0	112	4	0	1	47	1	0	0	3	0	0	3	0	0	0	1	0	1	0	0	207	0	0	0	0	100	18	1	17	8	11	1	21	1	1	109	2	0	38	52	5	10	25	0	13	2	0	0	3	0	0	0	1	0	1	0	7	0	3	13	13	29	0	0	0	0	0	0	0	2	18	1	15	67	17	0	0	1	20	0	1	0	0	1	7	0	1	52	0	1	0	14	40	0	15	0	0	0	2	0	19	0	0	1	0	0	0	0	0	1	1	1	121	0	2	0	0	0	2	0	0	3	0	65	15	0	4	30	0	30	0	0	1	0	2	0	59	0	0	0	65	4	0	0	0	0	0	2	0	1	20	9	477	0	0	234	0	42	0	0	0	0	0	1	2	2	0	2	0	0	1	0	1	1	1	0	4	0	80	7	0	0	1	2	1	1	0	1	0	3	0	0	2	0	3	0	184	57	0	7	8	25	58	1	47	0	209	1	0	0	0	0	0	1	1	24	0
Bacteria	TPD-58	0	0	0	0	0	0	0	0	0	0	0	0	0	0	1	3	0	2	1	0	0	0	0	0	0	0	0	0	0	2	0	5	0	0	0	5	0	0	0	0	0	0	4	0	0	0	2	0	0	0	0	2	1	0	2	0	1	1	1	0	0	0	0	0	0	0	0	0	0	0	0	4	1	0	0	0	1	0	0	3	15	0	0	0	0	0	0	0	1	0	0	2	1	0	1	0	0	0	1	0	0	0	2	3	1	0	7	0	1	1	0	0	0	0	0	8	0	0	1	1	0	0	0	0	0	0	1	0	0	0	2	2	0	5	0	0	0	0	1	0	0	0	13	3	0	0	0	0	0	0	0	0	0	0	0	0	0	3	1	0	0	0	0	0	0	0	0	0	0	0	0	0	1	0	0	0	0	0	0	0	1	0	3	4	0	0	3	0	1	0	0	0	5	4	0	0	0	0	0	7	0	0	0	10	0	0	0	0	0	0	0	0	0	0	0	1	0	0	0	0	1	0	0	1	0	2	0	16	0	0	10	0	0	0	0	6	0	4	10	0	0	0	0	0	0	0	1	0
Bacteria	Tenericutes	0	0	0	0	0	0	0	0	0	0	0	0	0	1	0	0	1	0	0	0	0	0	0	0	0	0	0	0	0	1	1	3	0	0	0	1	0	0	0	0	0	0	2	1	0	0	0	0	1	0	1	0	1	0	0	0	0	0	0	0	0	0	1	0	0	0	0	0	0	0	1	1	1	0	0	0	8	0	1	0	0	0	0	0	0	1	1	0	0	0	0	0	0	0	0	0	0	0	0	1	97	0	0	0	1	0	0	1	1	0	2	0	0	0	1	1	0	0	0	4	0	0	1	0	3	0	0	0	0	3	1	0	0	2	0	0	0	0	0	0	0	0	0	1	0	0	0	0	0	7	0	0	2	0	0	0	0	1	1	0	0	0	0	0	0	1	0	0	0	0	0	0	0	1	0	0	0	0	0	1	2	3	1	2	0	0	1	0	0	0	0	0	0	0	1	0	0	2	0	1	0	0	0	1	0	0	0	2	0	0	0	0	0	0	0	0	4	0	1	0	1	0	0	0	0	0	0	0	0	1	1	0	0	98	0	0	1	0	4	0	0	0	0	1	0	0	1	0
Bacteria	Thermi	0	0	0	0	0	0	0	0	0	0	0	0	0	0	0	7	0	0	2	0	0	0	0	0	1	0	0	0	0	15	0	3	0	0	1	0	1	0	0	5	0	0	0	0	0	0	3	0	0	0	0	4	0	0	1	0	0	7	0	13	0	1	0	0	0	0	0	0	0	24	1	9	0	0	0	0	1	3	0	0	0	0	0	0	0	0	0	0	1	0	0	0	0	0	1	0	0	0	0	0	0	0	0	0	4	0	0	0	0	1	0	0	0	1	0	0	0	10	2	1	0	0	0	0	0	1	0	0	0	0	0	0	4	0	0	0	0	0	0	0	0	0	10	1	0	1	0	0	0	0	0	0	0	2	3	4	3	0	0	0	9	0	0	0	0	1	1	0	17	0	0	0	72	0	0	0	0	0	0	0	0	5	5	1	0	0	0	0	25	0	0	0	0	0	0	4	0	0	0	0	0	0	1	0	0	0	0	0	0	0	0	0	0	0	0	0	0	0	0	9	0	1	0	0	0	1	0	9	23	0	29	0	6	0	0	2	0	8	2	0	0	0	0	0	0	0	0	0
Bacteria	Unassigned	0	0	0	0	0	0	0	0	0	3	0	0	0	0	1	1	0	0	2	2	0	0	0	0	0	0	1	0	0	0	0	1	0	0	0	5	1	0	0	0	1	0	4	0	0	0	4	0	0	1	1	0	0	0	2	0	3	1	1	1	1	1	0	0	0	0	1	0	0	0	0	4	0	1	0	0	0	0	0	2	0	0	0	1	0	0	2	0	0	0	0	2	2	0	0	0	0	1	0	1	1	0	9	3	0	0	2	0	12	1	0	0	0	0	0	1	0	0	5	0	0	0	3	0	0	1	0	0	1	2	0	2	0	15	0	0	0	0	0	0	0	1	2	2	0	1	0	3	0	0	0	0	0	0	2	0	0	2	2	0	0	0	1	1	0	0	1	0	0	0	2	0	1	0	0	0	0	1	0	0	10	0	9	1	0	0	0	0	1	0	0	0	0	0	0	0	0	0	5	0	0	2	1	3	1	0	1	0	1	0	0	0	0	0	0	1	0	2	1	1	0	1	0	1	1	1	0	6	0	0	3	0	0	1	0	2	0	1	10	0	0	0	0	1	1	0	1	0
Bacteria	Verrucomicrobia	10	3	0	345	434	476	442	1267	1503	373	33	389	34	1038	246	764	5	1183	990	484	37	226	342	226	441	756	1372	0	793	614	99	1039	932	135	640	1055	1262	0	1756	1069	145	133	1445	292	98	222	216	1012	47	785	251	1455	213	121	676	335	1057	1627	269	336	540	339	162	590	977	388	926	973	228	200	336	1229	848	309	239	223	402	348	769	1782	33	27	112	517	32	419	338	80	271	168	95	1070	259	72	1031	1146	283	1132	16	1058	1322	669	22	1082	331	169	28	256	63	687	381	132	78	262	2119	840	122	227	915	196	194	2076	232	4364	245	496	266	150	741	888	13	248	187	205	157	378	1018	160	301	118	296	346	974	856	237	529	352	312	540	592	530	262	420	222	360	361	219	1662	305	94	393	6	179	1139	533	604	1110	345	1143	111	314	433	1468	421	141	4	79	638	91	419	37	776	1046	988	70	146	1635	190	228	1214	157	291	10	48	861	197	422	184	347	433	154	111	213	994	762	103	193	351	354	416	605	145	61	827	323	358	1133	414	361	796	148	707	238	345	104	186	34	1016	200	201	1001	789	347	2525	815	422	412	1426	74	251	332	1022	141	22	301	315	205	2
Bacteria	WPS-2	0	0	0	0	0	0	0	0	0	1	0	0	0	4	1	3	2	0	0	2	0	0	0	0	0	12	0	0	10	1	0	9	4	1	4	4	0	0	11	1	0	0	2	0	0	0	3	9	0	1	0	40	0	0	1	8	7	1	1	1	0	3	0	1	0	0	29	20	1	1	24	1	0	0	0	0	1	10	0	0	0	3	3	1	3	1	0	0	0	1	2	1	4	2	0	5	0	1	0	0	7	18	0	18	23	2	0	1	1	8	4	0	0	1	0	2	0	1	1	1	0	1	0	16	1	0	0	0	4	1	18	0	0	0	0	3	1	1	0	0	0	1	5	38	0	9	23	0	3	10	1	0	2	0	18	1	0	7	0	0	5	3	4	0	4	0	0	26	1	0	1	9	4	0	0	0	0	1	0	0	0	3	10	30	0	2	105	0	0	0	2	0	0	0	1	0	1	8	0	1	0	7	0	1	5	0	0	34	0	11	0	0	8	4	0	0	0	0	0	2	0	0	1	0	0	0	0	22	0	0	5	8	0	2	0	3	0	3	0	0	0	6	0	0	0	0	0	1
Bacteria	WS1	0	0	0	0	0	0	0	0	0	0	0	0	0	0	0	0	0	1	0	0	0	0	0	0	0	0	0	0	0	0	0	0	0	0	0	0	0	0	0	0	0	0	0	0	0	0	0	0	0	0	0	0	0	0	0	0	0	0	0	0	0	0	0	0	0	0	0	0	0	0	0	0	0	0	0	0	0	0	0	0	0	0	0	0	0	0	0	0	0	0	0	0	0	0	0	0	0	0	0	0	0	0	0	0	0	0	0	0	1	0	0	0	0	0	0	0	0	0	0	0	0	0	0	0	0	0	0	0	0	0	0	0	0	0	0	0	0	0	0	0	0	0	0	0	0	0	0	0	0	0	0	0	0	0	0	0	0	0	0	0	0	0	0	0	0	0	0	0	0	0	0	0	0	0	0	0	0	0	0	0	0	0	0	0	0	0	0	0	0	0	0	0	0	0	0	0	0	0	0	0	0	0	0	0	0	0	0	0	0	0	0	0	0	0	0	0	0	0	0	0	0	0	0	1	0	0	0	0	0	0	0	0	0	0	0	0	0	0	0	0	0	0	0	0	0	0	0	0
Bacteria	WS2	0	0	0	0	0	0	0	0	0	0	0	0	0	0	0	0	0	0	0	0	0	0	0	0	0	0	0	0	0	0	0	0	0	0	0	0	0	0	0	0	0	0	0	0	0	0	0	0	0	0	0	0	0	0	0	0	0	0	0	0	0	0	0	0	0	0	0	0	0	0	0	0	0	0	0	0	0	0	0	0	0	0	0	0	0	0	0	0	0	0	0	0	0	0	0	0	0	0	0	0	0	0	0	0	0	0	0	0	0	0	0	0	0	0	0	0	0	0	0	0	0	0	0	0	0	0	0	0	0	0	0	0	0	0	0	0	0	0	0	0	0	0	0	0	0	0	0	0	0	0	0	0	0	0	0	0	0	0	0	0	0	0	0	0	0	0	0	0	0	0	0	0	0	0	0	0	0	0	0	0	0	0	0	0	0	0	0	0	0	0	0	0	0	0	0	0	0	0	0	0	0	0	0	0	0	0	0	0	0	0	0	0	0	0	0	0	0	0	0	0	0	0	0	0	0	0	0	0	0	0	1	0	0	0	0	0	0	0	0	0	0	0	0	0	0	0	0	0
Bacteria	WS3	0	0	0	1	3	0	2	0	0	2	0	1	1	0	1	0	0	3	0	3	0	0	0	0	2	0	2	0	2	1	2	1	0	0	2	0	0	0	0	2	1	1	4	0	0	1	0	1	0	0	0	0	2	0	2	2	0	2	3	1	0	1	7	1	2	0	1	0	0	0	0	0	0	0	1	5	0	2	0	0	0	0	0	2	0	1	6	0	0	0	0	1	0	0	6	1	0	0	0	1	1	2	2	1	0	0	0	1	3	1	0	0	1	0	2	4	0	0	0	0	4	1	11	0	1	0	0	0	1	2	0	12	0	26	0	0	0	0	0	1	0	8	1	0	0	0	1	9	0	2	0	0	1	0	0	1	0	0	1	1	0	0	0	0	0	4	0	0	3	0	7	1	5	0	1	0	0	1	0	0	7	0	10	3	0	0	0	3	0	0	0	1	0	0	3	1	0	0	8	0	0	1	0	3	1	1	1	1	0	3	1	0	2	1	1	0	1	4	4	0	0	0	0	6	0	0	1	8	1	0	2	0	0	1	0	0	1	0	1	0	0	1	0	2	0	1	3	0
Bacteria	WS4	0	0	0	0	1	1	0	0	0	0	0	0	0	0	0	0	0	0	0	0	0	0	0	0	0	0	0	0	0	0	0	0	0	0	0	0	0	0	0	0	0	0	0	0	0	0	0	0	0	0	0	0	0	0	0	0	0	0	0	0	0	0	0	0	0	0	1	0	0	0	0	0	0	0	0	0	0	0	0	0	0	0	0	0	0	0	0	0	0	0	0	0	0	0	0	0	0	0	0	0	0	0	0	0	0	0	0	0	0	0	0	0	0	0	0	0	0	0	0	0	0	0	0	0	0	0	0	0	0	0	0	0	0	0	0	0	0	0	0	0	0	0	0	0	0	0	0	0	0	0	0	0	0	0	0	0	0	0	0	0	0	0	0	0	0	0	0	0	0	0	0	0	0	0	0	0	0	0	0	0	0	0	0	0	0	0	0	0	0	0	0	0	0	0	0	0	0	0	0	0	0	0	0	0	0	0	0	0	0	0	0	0	0	0	0	0	0	0	0	0	0	0	0	0	0	0	0	0	0	0	0	1	0	0	0	0	0	0	0	0	0	0	0	0	0	0	0	0
Bacteria	WWE1	0	0	0	0	0	0	1	0	0	1	0	0	1	0	0	0	0	0	0	0	0	0	0	0	0	0	0	0	1	0	0	0	1	0	1	0	0	0	0	0	0	0	0	0	0	0	0	0	0	0	0	0	0	0	0	0	1	0	0	0	0	0	0	0	0	0	2	0	0	0	0	0	0	0	0	0	0	0	1	0	0	0	0	0	0	0	0	0	0	0	0	0	0	0	0	0	0	0	0	0	0	0	0	2	0	0	0	0	0	0	0	0	0	0	0	0	0	0	0	0	0	0	0	0	0	0	0	0	0	0	0	0	0	0	0	0	0	0	0	0	0	0	0	1	0	0	0	0	0	0	0	0	0	0	0	0	0	0	0	0	0	0	0	0	0	0	0	0	0	0	0	0	0	0	0	0	0	1	0	0	0	0	0	0	0	0	0	0	0	0	0	0	0	0	0	0	0	0	0	0	0	0	0	0	0	0	0	0	0	0	0	0	0	0	0	0	0	0	0	0	0	0	0	0	1	0	0	0	0	0	0	0	0	0	0	0	0	0	1	0	0	0	1	0	0	0	0	0
Bacteria	ZB3	0	0	0	91	9	5	95	117	334	167	20	163	15	98	2	43	0	12	41	285	1	6	33	1	5	139	80	0	123	35	6	49	87	1	34	38	4	0	17	47	17	3	69	13	6	0	13	13	13	3	7	63	1	9	93	68	27	36	11	21	13	14	8	14	187	19	118	6	0	18	14	15	94	42	11	8	27	15	14	30	0	1	3	56	38	33	1	14	13	1	2	52	12	4	31	24	13	57	0	4	43	98	5	31	26	12	0	25	6	27	8	1	15	29	153	9	5	1	21	22	22	4	6	26	30	37	17	5	126	50	0	12	7	36	0	0	4	31	18	1	23	10	42	28	43	13	28	8	10	107	67	25	76	18	15	34	10	72	71	5	24	0	33	176	24	50	89	14	23	2	12	33	16	1	5	2	11	81	5	1	7	14	62	44	25	30	64	50	17	5	40	13	0	3	73	8	4	10	0	23	7	160	7	67	456	14	1	36	189	14	1	28	11	86	0	29	6	17	8	17	3	28	21	3	13	0	11	67	27	0	17	10	27	26	5	10	3	79	7	5	2	27	7	4	14	12	9	0
Unassigned	Unassigned	45	35	29	5355	4861	4758	5575	4507	8280	5757	688	5534	690	14886	3830	21729	4991	12094	18994	20150	2680	3199	2532	2020	4827	15846	12088	1	22363	29429	4368	22985	20022	2196	23284	22090	14245	1	15019	24453	3028	3704	21131	5587	3616	2741	6869	16231	3840	11509	5854	26403	2500	4408	27457	11147	18793	21008	6205	6599	13308	6947	7588	13251	13432	4574	27727	17810	1830	8535	6085	20180	18511	11598	2233	6409	11253	14262	11142	18466	11394	3678	2654	11421	3008	20094	7563	3860	7018	3079	2562	31619	5448	2874	17030	13158	5523	12419	4258	10046	13736	14425	5454	17908	6084	3963	8348	5168	16541	16615	13217	3281	3485	4682	13888	22449	2718	3595	18581	5966	6875	15842	6547	19413	15212	8637	3230	4055	11443	13761	23820	6597	5277	28694	1861	7441	8390	4117	5112	4020	5313	6277	21601	19538	3443	9600	8004	7358	16347	16826	8698	5365	16131	11739	6296	6731	5044	24975	22458	3274	6492	17213	4060	14278	6424	15348	16521	6157	23098	2593	6424	16335	21672	5222	4040	4768	2793	12158	4293	3476	7334	16534	27430	18502	3397	4173	26713	9260	8504	11481	4308	4063	22410	18449	21021	4248	4840	20530	7164	5483	4795	11650	3735	12745	13756	4384	4296	17085	6911	9291	12619	2645	2531	13508	3904	4663	11413	9683	6319	17745	4243	19618	5142	7530	3209	3539	2055	31774	8401	3228	21268	22592	6454	13351	8155	8715	8277	24415	12323	3603	3123	18915	4855	7472	8660	8598	6477	4640
